metric_call,candidate_kind,same_as_seed,score,best_score_so_far,mean_accuracy,best_accuracy_so_far,mean_time_seconds,best_target_mean_time_so_far,meets_target,is_new_best_score,is_first_target_hit,elapsed_wall_clock_seconds,runtime_seconds,remote_runtime_seconds
1,seed,True,1000.38786424939,1000.38786424939,0.9408999681472778,0.9408999681472778,2.5782216370105746,2.5782216370105746,True,True,True,159.91920966700127,159.91644525527954,154.52852582931519
2,base_recheck,True,1000.3863515760177,1000.38786424939,0.9408999681472778,0.9408999681472778,2.588316088438034,2.5782216370105746,True,False,False,240.19755466700008,79.03424310684204,78.84738326072693
3,gepa,False,0.0,1000.38786424939,,0.9408999681472778,,2.5782216370105746,,False,False,314.9779779170058,9.136043071746826,9.035473108291626
4,gepa,False,1000.3750064816254,1000.38786424939,0.9434999823570251,0.9434999823570251,2.6666205759048465,2.5782216370105746,True,False,False,630.3176120419957,248.79081296920776,244.81471633911133
5,gepa,False,0.09999999403953552,1000.38786424939,0.09999999403953552,0.9434999823570251,2.5135669341087343,2.5782216370105746,False,False,False,849.2296697080019,160.71645784378052,160.5799105167389
6,gepa,False,0.0,1000.38786424939,,0.9434999823570251,,2.5782216370105746,,False,False,1179.532457082998,274.25814509391785,274.08499789237976
7,gepa,False,0.0,1000.38786424939,,0.9434999823570251,,2.5782216370105746,,False,False,1248.747351291997,9.828747034072876,9.537684679031372
8,repeat,True,1000.3814214794154,1000.38786424939,0.9412999749183655,0.9434999823570251,2.621771593809128,2.5782216370105746,True,False,False,1446.0758588330064,141.8222680091858,141.455082654953
9,gepa,False,0.09999999403953552,1000.38786424939,0.09999999403953552,0.9434999823570251,69.58757901251317,2.5782216370105746,False,False,False,1778.2628121250018,276.27962923049927,275.9284703731537
